lemma,frequency
decir,1260
pasar,816
querer,791
cosa,647
ver,586
año,542
momento,500
hablar,415
sentir,410
viste,408
dar,402
estar,392
comer,378
hijo,370
tipo,368
mamá,362
tener,339
empezar,338
padre,336
hacer,327
vida,319
tiempo,309
venir,292
gustar,282
pensar,278
casa,277
familia,277
poner,274
tema,273
tenés,255
dejar,247
persona,222
salir,212
gente,210
miedo,210
poder,206
mirar,199
hija,193
llegar,191
acá,189
niño,184
quedar,180
che,178
entender,178
entendés,177
suceder,173
bebé,171
jugar,170
vivir,169
hora,168
situación,168
papá,168
embarazado,163
importante,162
mes,162
madre,160
montón,156
mundo,154
acompañar,154
contar,153
amigo,152
caer,144
sacar,144
celular,144
mira,138
chico,137
mañana,132
obvio,131
volver,131
culpa,131
risa,129
pedir,126
leche,126
difícil,123
comida,123
realidad,120
lugar,120
buscar,118
llorar,117
sos,117
alimentación,117
llevar,112
caso,111
cambiar,111
preguntar,110
dormir,109
comar,108
seguir,105
decís,105
haber,103
realmente,103
pañal,102
tomar,101
aprender,100
red,99
llamar,99
trabajar,98
nacer,96
escuchar,95
mujer,94
perfecto,94
tratar,94
pantalla,94
embarazo,93
encantar,93
totalmente,93
tecnología,93
aparecer,91
gracias,90
principio,88
pareja,88
problema,87
teta,86
amiga,85
video,85
pregunta,85
querés,84
punto,84
marido,82
saber,81
noche,81
jardín,81
cabeza,80
necesitar,80
tranquilo,79
loco,79
nati,78
ayudar,77
terminar,77
aparte,76
cama,75
amor,75
capaz,75
palabra,75
costar,75
charla,73
obviamente,72
vuelta,72
intentar,72
perder,69
gana,69
malo,69
conocer,69
edad,69
sentar,68
nena,67
amar,67
social,66
tanto,66
cuerpo,66
niña,66
resolver,65
diferencia,64
foto,63
feliz,63
fuerte,63
tocar,63
rol,63
producto,63
agarrar,60
colegio,60
poquito,60
imaginar,60
estár,60
vos,59
charlar,59
viejo,59
tratamiento,58
distinto,57
forma,57
super,57
vas,57
decisión,57
digital,57
enseñar,57
generar,57
mandar,56
positivo,56
probar,56
jurar,55
despertar,55
trabajo,55
pie,54
alguien,54
golpe,54
respuesta,54
adolescencia,53
sentido,52
tadeo,52
listo,52
pelo,51
médico,51
base,51
lindo,51
información,51
espectacular,51
normal,51
adulto,51
pelear,51
futuro,51
vínculo,51
paternidad,51
desafío,51
chica,49
justo,48
muchísimo,48
recién,48
fruta,48
fútbol,48
mano,48
duda,48
terapia,48
estímulo,48
panza,46
sentí,46
desarrollo,46
maternidad,45
libro,45
terrible,45
semana,45
serio,45
papás,45
crisis,45
fondo,45
fórmula,45
minuto,45
baño,44
tremendo,43
criar,43
odiar,43
idea,42
proceso,42
novio,42
bajar,42
suerte,42
okay,42
meter,42
importar,42
galletita,42
proteína,42
único,42
infancia,42
educación,42
chiquito,41
estudio,41
experiencia,41
faltar,41
imagínatar,40
lactancia,40
justamente,39
piso,39
factor,39
olvidar,39
responder,39
cantidad,39
ser,39
menor,39
crianza,39
paciencia,39
camino,39
equipo,39
cambio,39
víctima,39
llanto,39
arrancar,38
historia,38
filipa,38
estudiar,37
literalmente,37
mentira,37
tirar,36
levantar,36
ojo,36
dijistir,36
intervenir,36
test,36
parto,36
estás,36
agua,36
perdón,36
cerebro,36
decí,36
viaje,36
crees,36
límite,36
cuestión,36
leer,36
fundamental,36
atravesar,36
mental,36
youtube,36
sinceramente,36
laburo,34
dalar,34
conectar,34
boludo,34
placer,34
rutina,34
molestar,34
herramienta,34
juego,34
quimio,33
común,33
creer,33
esperar,33
sueño,33
seguridad,33
real,33
sufrir,33
etapa,33
afectar,33
claramente,33
permanentemente,33
doler,33
adolescente,33
humano,33
medicina,33
saludable,33
alimento,33
salud,33
cultura,33
reels,33
grooming,33
ocupacional,33
chola,32
bañar,31
pequeño,31
elegir,31
psicóloga,30
seguro,30
medio,30
educar,30
ovario,30
raro,30
consultorio,30
hermoso,30
siquiera,30
visita,30
par,30
rato,30
junto,30
nivel,30
servir,30
chiquitito,30
generación,30
presente,30
lejos,30
sociedad,30
grupo,30
caminar,30
vaca,30
trasladar,30
clave,30
responsabilidad,30
romper,29
quer,29
traer,29
siento,29
compartir,29
materno,29
jugo,29
come,29
dio,28
mamás,28
manejar,28
fanático,27
emoción,27
cámara,27
cuidar,27
recibir,27
favor,27
evento,27
joda,27
allá,27
pobre,27
buenísimo,27
curso,27
divertir,27
divertido,27
contento,27
ojalá,27
recomendar,27
valor,27
fideo,27
cerca,27
nene,27
capítulo,27
terror,27
plaza,27
analógico,27
olivia,27
ciro,26
laburar,26
plata,26
abrir,25
primero,25
reimportante,25
empiezar,25
cesárea,25
afuero,25
sepa,25
preocupar,25
pintado,25
esposa,25
marca,24
escúchamir,24
onda,24
relación,24
hermano,24
cero,24
gracioso,24
felicidad,24
fiesta,24
natural,24
acabar,24
parir,24
razón,24
acompañamiento,24
club,24
auto,24
mensaje,24
clase,24
rápido,24
sensación,24
paso,24
phil,24
grabar,24
vista,24
lograr,24
ganar,24
lleno,24
batalla,24
riesgo,24
hospital,24
usar,24
habitación,24
actividad,24
juntar,24
pibes,24
hacking,24
contexto,24
gracia,23
carmen,22
consejo,22
abuelo,22
falta,22
entero,22
agus,22
insistir,22
publicar,22
cáncer,21
turbante,21
aires,21
resultar,21
básicamente,21
matar,21
época,21
podés,21
color,21
abajo,21
peso,21
seguramente,21
rarísimo,21
lamentablemente,21
locura,21
duro,21
general,21
ayuda,21
canal,21
juro,21
lavar,21
comentario,21
caca,21
coincidir,21
aceptar,21
corazón,21
juzgar,21
opinión,21
valer,21
superar,21
nutrir,21
paquete,21
correr,21
fácil,21
azúcar,21
interesante,21
abuela,21
pecho,21
concepto,21
temor,21
vender,21
enfermo,21
pensamiento,21
película,21
sentado,21
mil,21
físico,21
parar,21
heavy,21
ciudad,21
acercar,21
crecer,21
capacidad,21
contacto,21
vacación,21
considerar,20
consumir,20
angustia,20
casar,20
negativo,20
reir,20
dibujar,20
preparar,20
respetar,19
funcionar,19
verdura,19
pibe,19
sentimiento,19
exacto,19
fíjate,19
agarrir,19
diagnóstico,19
impactar,19
cocinar,18
mitad,18
saqué,18
ocupar,18
lunes,18
mono,18
energía,18
imagen,18
óvulo,18
emocionar,18
retar,18
pedo,18
profesional,18
vulnerable,18
mayoría,18
cosita,18
bailar,18
genial,18
blanco,18
andar,18
bola,18
coma,18
cereal,18
pegar,18
laboral,18
preparado,18
wow,18
opinar,18
surgir,18
deporte,18
movimiento,18
fiebre,18
sexual,18
atención,18
identificar,18
mirada,18
exposición,18
fluir,18
obligar,18
deseo,18
permitir,18
lastimar,18
recordar,18
cuidado,18
necesario,18
siglo,18
enfermedad,18
ideal,18
animal,18
ayer,18
aumento,18
tele,18
teléfono,18
alergia,18
eje,18
bienestar,18
contestar,18
carga,18
sistema,18
espacio,18
regalo,18
relacionar,18
egipto,18
padecer,18
mente,18
paula,18
oli,18
publico,18
presencia,18
sostener,18
cotidiano,18
pipe,18
farmacia,18
cortar,17
empeza,17
operar,17
frenar,17
estuvir,17
nacido,17
dios,17
guardar,17
alimentar,17
ves,17
pintar,17
peluca,16
hecho,16
dibujo,16
preferir,16
parado,16
tuvistar,16
existir,16
plato,16
prober,16
chiste,16
fantasía,16
chocolate,16
acordas,16
música,16
rama,16
acordar,16
computadora,16
inteligencia,16
chaer,16
amigar,15
detectar,15
personal,15
pleno,15
playa,15
prestar,15
stock,15
subir,15
cerrar,15
convertir,15
sentís,15
depender,15
alto,15
estabar,15
bárbaro,15
aplicación,15
est,15
cara,15
vaginal,15
absolutamente,15
grito,15
teoría,15
importancia,15
ducha,15
café,15
decidir,15
alcohol,15
pis,15
pico,15
compañero,15
upa,15
dinámica,15
cómodo,15
puntual,15
paterno,15
frente,15
viví,15
golpear,15
durar,15
etcétera,15
repetir,15
confianza,15
analizar,15
angustiar,15
habla,15
enseñanza,15
anillo,15
transitar,15
exigente,15
equilibrio,15
apostar,15
profesión,15
gaseosa,15
desayunar,15
mantener,15
trastorno,15
rico,15
echar,15
curar,15
básico,15
calle,15
inevitable,15
ansiedad,15
incorporar,15
argentino,15
dolor,15
armar,15
mamadera,15
colecho,15
gritar,15
aprendizaje,15
quilombo,15
quitar,15
cansar,15
calentar,15
combi,15
intento,15
negar,15
serie,15
sumar,15
solución,15
propósito,15
atento,15
germán,15
independencia,15
borro,15
peluch,15
asustar,15
sensorial,15
consulta,15
metáfora,15
pibir,14
familiar,14
busca,14
bienvenido,14
vivo,14
diferenciar,14
enterar,14
hablábar,14
demorar,14
maca,14
morir,13
lado,13
desear,13
estabas,13
cochecito,13
cole,13
apuesta,13
alimentario,13
hacker,13
mesa,13
esperanza,13
veo,13
interno,13
tono,13
moda,12
arranqué,12
diario,12
verano,12
famoso,12
usado,12
literal,12
válido,12
regalar,12
privilegio,12
posibilidad,12
opción,12
congelar,12
ciencia,12
seguí,12
ginecólogo,12
estés,12
hamburguesa,12
queso,12
ingeniero,12
hayas,12
hermana,12
chat,12
ocurrir,12
confiar,12
para,12
horario,12
atender,12
gimnasio,12
factura,12
coso,12
huevo,12
sillón,12
campaña,12
navidad,12
novia,12
lindar,12
arder,12
zona,12
hac,12
acerca,12
bla,12
frase,12
sol,12
prioridad,12
boca,12
pelea,12
luna,12
tiktok,12
libre,12
alta,12
devolución,12
humor,12
crianzar,12
referís,12
verla,12
suponer,12
des,12
absoluto,12
directamente,12
emocional,12
mínimo,12
vivencia,12
deber,12
conciencia,12
dimensionar,12
lógico,12
comunicación,12
discutir,12
bastar,12
manera,12
error,12
sexualidad,12
comentar,12
creser,12
notar,12
casado,12
felipa,12
premio,12
alcanzar,12
agradecido,12
triste,12
siquismo,12
psiquismo,12
soda,12
consumo,12
cortisol,12
soltar,12
helado,12
recuerdo,12
combinación,12
unir,12
selectividad,12
infantil,12
reparar,12
pensá,12
recomeir,12
autista,12
vacuna,12
plataforma,12
referir,12
cine,12
respirar,12
cristal,12
dibujito,12
nenir,12
salvar,12
faja,12
usé,12
emocionalmente,12
dormido,12
enfermera,12
sebir,12
informático,12
computación,12
curiosidad,12
visión,12
cabo,12
artificial,12
público,12
perfil,12
recital,12
mejorar,12
bolsillo,12
secundario,12
sesión,12
whatsapp,12
tonto,12
guita,12
educativo,12
profundo,12
dedo,12
sobreprotección,12
interesar,12
correcto,12
salida,12
aclarar,12
partido,12
comunicar,12
conversar,12
patear,12
mar,12
cagada,12
aportar,12
carro,12
haz,12
principal,12
posta,12
roto,12
desempeño,12
brócoli,12
arroz,12
organizar,12
mito,12
galleta,12
picar,12
volví,11
afuerar,11
embarazar,11
profundizar,11
visto,11
decía,11
tipar,10
auténtico,10
boluda,10
tremendar,10
queres,10
cirir,10
divino,10
aprendar,10
bebito,10
corto,10
cansado,10
hola,10
penitencia,10
juzgado,10
ustetra,10
hiciste,10
pensa,10
licuado,10
perfección,10
escucha,10
paciente,10
investigar,10
cuna,10
nén,10
pediatría,10
línea,10
absorber,10
disculpar,10
violento,10
agresor,10
reto,10
ruso,9
personaje,9
vestir,9
domingo,9
atrás,9
turbant,9
quemar,9
quimiar,9
tela,9
pésimo,9
showroom,9
operación,9
valijita,9
cerrado,9
poquitito,9
personalidad,9
conocí,9
sabé,9
jamás,9
probabilidad,9
plan,9
telita,9
dispuesto,9
car,9
distancia,9
turno,9
experto,9
náusea,9
luz,9
gordi,9
tráemir,9
gordo,9
chance,9
caja,9
salí,9
damar,9
góndola,9
máximo,9
fabio,9
sanatorio,9
mágico,9
yendar,9
mentir,9
vomitar,9
término,9
epidural,9
resto,9
siesta,9
vergüenza,9
bolsón,9
vení,9
cuadra,9
boliche,9
look,9
plantear,9
pobrecito,9
terminé,9
romantizar,9
coincido,9
pasión,9
agradecer,9
sala,9
aspecto,9
proveedor,9
redifícil,9
calidad,9
avión,9
paraá,9
aprovechar,9
alma,9
temón,9
traté,9
toque,9
moco,9
fantástico,9
matrimonio,9
impacto,9
posición,9
sií,9
voz,9
varón,9
celo,9
boludez,9
detalle,9
traumático,9
permisivo,9
nat,9
doble,9
proyecto,9
extender,9
amoroso,9
joven,9
nervioso,9
soñé,9
inculcar,9
pilar,9
consecuencia,9
flor,9
piel,9
redundancia,9
pena,9
repetición,9
tuviera,9
insoportable,9
altibajo,9
hablaste,9
perdido,9
psicólogo,9
encargar,9
invitar,9
adelantar,9
perro,9
pensado,9
ratito,9
permanente,9
doc,9
hormona,9
pedazo,9
mir,9
almuerzo,9
cena,9
variado,9
tranquilidad,9
vara,9
probado,9
selectivo,9
desesperar,9
ofrecer,9
prácticamente,9
internet,9
medioambiental,9
autismo,9
país,9
componente,9
restaurant,9
robar,9
peligroso,9
vayar,9
cólico,9
anécdota,9
vacío,9
segundo,9
bombacha,9
pasillo,9
sector,9
éxito,9
duermar,9
sobreproducción,9
reír,9
diente,9
pijama,9
escalera,9
hotel,9
especie,9
aguantar,9
reflejo,9
ansiós,9
papelón,9
contención,9
andá,9
cuarto,9
poníar,9
exactamente,9
hackear,9
conversación,9
progresividad,9
decena,9
requerir,9
aplicar,9
crecimiento,9
marley,9
significar,9
conexión,9
saca,9
intención,9
invitado,9
vibrar,9
vibración,9
avisar,9
reacción,9
pornografía,9
compañía,9
bolich,9
cuestionar,9
ecosistema,9
altura,9
estadísticamente,9
aula,9
antiguo,9
necesidad,9
inicial,9
marcar,9
espada,9
juguete,9
violencia,9
opinólogo,9
opino,9
ruido,9
com,9
tibio,9
postura,9
caés,9
contame,9
gusto,9
trabajer,9
captar,9
chatear,9
piba,9
salvedad,9
valentino,9
jueguito,9
mitología,9
griego,9
socio,9
sencillo,9
bolivia,9
puesto,9
inicio,9
intimidad,9
corregir,9
compañerito,9
discusión,9
ilusión,9
regla,9
orgulloso,9
chivo,9
muerte,9
diriar,9
atraer,9
rebelde,9
frío,9
maquillar,9
metido,9
vaso,9
juguer,9
rasgo,9
vivido,9
bife,9
trauma,9
papis,9
inferior,9
esperable,9
interferir,9
relajar,9
ropa,9
sensibilidad,9
tete,9
noel,9
exigir,9
jugamos,9
textura,9
mango,9
smoothie,9
vestibular,9
internamente,9
tacto,9
masajito,9
calma,9
basura,9
psicología,9
tardar,9
tita,9
aniquilar,9
relleno,9
enteer,9
cre,9
rojo,9
auxilio,9
pera,9
puerperio,9
pupilo,9
abrazo,9
revolear,9
preferencia,9
vendado,8
sienta,8
rutín,8
necesita,8
saco,8
maternar,8
tranquilos,8
durísimo,8
tailandia,8
cocina,8
bebita,8
pensass,8
hicimo,8
lucha,8
chocar,8
desarrollar,8
atrapa,8
primario,8
habilidad,8
función,8
bronco,7
convencer,7
partir,7
dormíar,7
criticar,7
guardia,7
contenido,7
locar,7
vuelvo,7
cocín,7
filipar,7
contamir,7
parecer,7
acabas,7
terapiar,7
comíar,7
amiguita,7
tranquilizar,7
digar,7
enojar,7
pantallar,7
acompañado,7
pediatra,7
mover,7
vieja,7
potenciar,7
atrapar,7
contactar,7
estudiante,7
enseñir,7
zeu,7
vincular,7
cagar,7
quisimos,7
cuidser,7
aceite,7
ensalada,6
octubre,6
facultad,6
íntimo,6
mander,6
patada,6
river,6
supuestamente,6
canto,6
posteo,6
cuento,6
programa,6
envío,6
jueves,6
viernes,6
hacíir,6
perseguir,6
conocido,6
tapir,6
socia,6
tapado,6
tirado,6
belleza,6
ánimo,6
cocido,6
asumir,6
minimizar,6
bajo,6
argentina,6
igualmente,6
soler,6
tejido,6
funcionir,6
crítico,6
recuperación,6
chongo,6
vallablanca,6
fertilidad,6
falso,6
monitor,6
siro,6
oncología,6
subíar,6
visitar,6
análisis,6
tranquilar,6
rosa,6
merecía,6
pro,6
intervención,6
sabía,6
horrible,6
priorizar,6
respetuoso,6
droga,6
práctica,6
externo,6
pesar,6
aar,6
repitar,6
suegro,6
limpio,6
merienda,6
kil,6
papa,6
manzana,6
porfa,6
vulnerabilidad,6
condición,6
harina,6
comés,6
cariño,6
tarta,6
lavado,6
protector,6
contemporáneo,6
funar,6
acordás,6
valla,6
leo,6
variar,6
culo,6
tajo,6
toallita,6
airear,6
irte,6
pregunt,6
fibra,6
obsesionado,6
botellita,6
videt,6
dato,6
medo,6
hermanito,6
entorno,6
blar,6
termino,6
catarsis,6
ayudartar,6
potente,6
santo,6
shock,6
mini,6
parecido,6
tapamos,6
movilizante,6
quedarte,6
quietud,6
pasear,6
seguís,6
expectativa,6
tapar,6
pies,6
estigma,6
marcos,6
elaborar,6
ayudarte,6
horno,6
sentarno,6
mandándomar,6
motor,6
impulso,6
enorme,6
económico,6
almorzar,6
compensar,6
subí,6
mensajito,6
pongo,6
objeto,6
lidiar,6
procrear,6
episodio,6
ponete,6
quedastar,6
masculino,6
reflexionar,6
modelo,6
flashar,6
ejercer,6
zarpado,6
experimentar,6
hereditario,6
típica,6
impaciencia,6
grar,6
youtuber,6
respeto,6
inmediatamente,6
pón,6
ponés,6
tarea,6
medida,6
escolaridad,6
generalmente,6
acomodar,6
diálogo,6
dañar,6
juzgamiento,6
mapernidad,6
acción,6
escuche,6
psicológico,6
reproche,6
aus,6
info,6
disminuir,6
cuarentena,6
variable,6
preguntastar,6
cuidadoso,6
ritmo,6
típico,6
tengar,6
tercer,6
distir,6
amistad,6
puntualmente,6
merecer,6
vivistar,6
abus,6
palo,6
exigencia,6
llenar,6
inseguridad,6
peor,6
afortunado,6
balance,6
quejar,6
fiaca,6
pozo,6
dijiste,6
nutricional,6
norte,6
nutrimos,6
alimenta,6
disyuntiva,6
pensás,6
evolucionar,6
longevidad,6
fuertemente,6
ligado,6
plazo,6
pata,6
lista,6
foco,6
full,6
educamos,6
chatarra,6
gaseós,6
hueco,6
cubrir,6
líquido,6
adicción,6
veneno,6
confundir,6
tortita,6
recomendación,6
sufrar,6
sufrimiento,6
conducta,6
desayuno,6
largo,6
olvídate,6
vivís,6
normalidad,6
olvidatar,6
fracasar,6
fan,6
cruel,6
manual,6
pensalo,6
gestar,6
tradicional,6
sexto,6
avanzar,6
excelente,6
obligación,6
estudiado,6
perfectamente,6
mixto,6
nutrient,6
puente,6
técnico,6
dirigir,6
ambos,6
genético,6
investigación,6
vacunado,6
relacionado,6
subís,6
cartel,6
coparentalidad,6
septuplicar,6
dispositivo,6
hacés,6
cuidador,6
tablet,6
fumar,6
independiente,6
objetivo,6
prometer,6
versus,6
español,6
apagado,6
quiero,6
desaparecer,6
llegada,6
muerto,6
noa,6
colaborar,6
volvía,6
paz,6
toca,6
valija,6
millón,6
incomodar,6
planeta,6
señora,6
incómodo,6
tom,6
calculo,6
maquinita,6
automáticamente,6
eventualmente,6
durermar,6
loop,6
físicamente,6
limpiar,6
cansancio,6
directo,6
basinet,6
sack,6
manito,6
manguita,6
prueba,6
llamado,6
culpar,6
conectado,6
acelerado,6
primerizo,6
italia,6
empecer,6
flaco,6
pib,6
inquieto,6
laburé,6
guito,6
barajar,6
declaración,6
universidad,6
har,6
delito,6
enfoque,6
problemática,6
probablemente,6
histórico,6
exceso,6
playbook,6
entiend,6
recorrido,6
innovación,6
memoria,6
sharenting,6
cigarrillo,6
show,6
limitado,6
documental,6
grave,6
celebriti,6
elijar,6
descubrimiento,6
carisma,6
disney,6
músico,6
fila,6
asiento,6
mirarte,6
enojado,6
tranquilamente,6
agotador,6
desconocido,6
dariar,6
unido,6
beso,6
acuérdate,6
pila,6
hagar,6
previo,6
apoyar,6
saqu,6
determinado,6
leía,6
charler,6
analítico,6
procesar,6
adultez,6
etiquetar,6
invadir,6
bravísimo,6
burra,6
optimista,6
espíritu,6
innegable,6
depresión,6
veíar,6
conocimiento,6
barrio,6
verde,6
dedicar,6
choquear,6
ajeno,6
arma,6
delincuente,6
taxatividad,6
desgaste,6
derecho,6
enojo,6
incapacidad,6
sano,6
ciberseguridad,6
roblox,6
índole,6
pedófilo,6
policía,6
reheavy,6
virtual,6
discapacidad,6
chip,6
abuso,6
caber,6
producción,6
preciso,6
pandemia,6
subestimar,6
aire,6
kids,6
resuelto,6
sugerir,6
evitar,6
querido,6
aburrido,6
versión,6
lógica,6
agarro,6
alegrar,6
admiración,6
costado,6
daño,6
temer,6
detesto,6
padecimiento,6
desdicha,6
hablaba,6
sentiar,6
afecto,6
tramito,6
cantar,6
amacar,6
carácter,6
efímero,6
libertad,6
individual,6
lloro,6
pendiente,6
rodear,6
resoplido,6
actual,6
necesariamente,6
pelotudear,6
admiro,6
infinito,6
debate,6
arena,6
tajante,6
método,6
búsqueda,6
aumentar,6
periodismo,6
diado,6
pasivo,6
mayordomo,6
totalment,6
padr,6
comportamiento,6
enogir,6
percibo,6
ñoki,6
culpable,6
medir,6
stickers,6
pieza,6
tobogán,6
calecita,6
metar,6
pala,6
inteligente,6
interacción,6
tumbo,6
empujar,6
caretear,6
formar,6
logrer,6
burbuja,6
comparación,6
acto,6
árbol,6
abarcativo,6
cabecita,6
euge,6
técnicamente,6
hito,6
preocupación,6
grado,6
paneal,6
sentíar,6
acompañarlo,6
cuentito,6
preocupante,6
consultar,6
retener,6
amado,6
particular,6
ratón,6
decirno,6
inquietud,6
modificar,6
pollo,6
arbolito,6
reducir,6
tenga,6
repetido,6
favorecer,6
modal,6
apego,6
gorda,6
agarra,6
copado,6
percibir,6
amacado,6
auditivo,6
desesperante,6
reconocer,6
decíamos,6
obsesionar,6
nacimos,6
valioso,6
animar,6
gilada,6
cabida,6
mari,6
trancu,6
tapa,6
eficaz,6
llegábar,6
asado,6
esconder,6
jodida,6
relativamente,6
justificado,6
volvés,6
intuitivo,6
reaccionar,6
abrazar,6
ordenar,6
favorito,6
fluidez,6
olvido,6
convenir,6
embarcar,6
portar,6
morder,6
alternativa,6
renormal,6
arranca,5
pusistar,5
encerrado,5
pensastar,5
reta,5
carmar,5
estuvistir,5
temita,5
estaba,5
empiezo,5
intercambiar,5
char,5
holar,5
creciste,5
contamar,5
abuelos,5
charlamos,5
dejé,5
galletitar,5
mear,5
dale,5
lactancio,5
bronca,5
vino,5
mirás,5
literalmentar,5
acorda,5
traigo,5
videollamada,5
crear,5
likear,5
acuerda,5
impactir,5
pasajera,5
digamo,5
trabajaste,5
charlo,5
juegos,5
pago,5
despierto,5
acomoda,5
vean,5
diciéndar,5
elegí,5
reloca,5
hicistar,4
encerrar,4
chiquita,4
venitir,4
boludar,4
comidir,4
frisado,4
corporalmente,4
estuvistar,4
loca,4
tadear,4
departamento,4
mudar,4
capo,4
momentir,4
prepo,4
conjunto,4
comparto,4
anticipadamente,4
divierte,4
bienvenir,4
suceda,4
siente,4
estuvimos,4
repetirte,4
angustiado,4
quieras,4
trato,4
imagina,4
innecesario,4
darte,4
pediatrar,4
pediatro,4
lucho,4
deciar,4
amiguito,4
llego,4
alternativo,4
quier,4
decodificar,4
peli,4
sociana,4
senta,4
década,4
cosar,4
descartabl,4
cochar,4
contarme,4
asociado,4
saque,4
equivocar,4
mier,4
mochila,4
frena,4
cafecito,4
amiguir,4
izquierda,4
derecha,4
causar,4
online,4
exagerado,4
trabajastar,4
abusar,4
historiar,4
pablo,4
pagar,4
protagonismo,4
primaria,4
valorar,4
querar,4
deja,4
cabezar,4
adolescenciar,4
amiguitar,4
remitir,4
salar,4
intercambio,4
relocar,4
enterastir,4
tirita,4
caser,4
embole,4
invitada,3
ustelo,3
encaja,3
rubro,3
dedicartar,3
estilo,3
mamito,3
vist,3
arrancastir,3
arquitectura,3
linfoma,3
hotkin,3
linfático,3
casting,3
cris,3
morena,3
habido,3
hubiéser,3
disponible,3
cortito,3
tirada,3
juventud,3
camisa,3
lentejuela,3
recortar,3
repensar,3
necesar,3
febrero,3
finalmente,3
hacé,3
empez,3
pinta,3
mandala,3
logo,3
subierar,3
seguidor,3
viralizar,3
revista,3
exterior,3
envia,3
tucumán,3
vendido,3
desperté,3
bina,3
oncóloga,3
quimion,3
programado,3
local,3
cuello,3
carmelito,3
remedio,3
house,3
humanizaste,3
vestí,3
verte,3
vestido,3
adversidad,3
peludar,3
hater,3
retrospectivo,3
crokir,3
lograstir,3
sello,3
cicatriz,3
resignificar,3
fiel,3
levantarme,3
felicitación,3
asustado,3
crucer,3
excompañera,3
larga,3
angustiadísimo,3
oncológico,3
tonta,3
diós,3
sopetón,3
bajísima,3
experimental,3
producir,3
irreversible,3
actuar,3
biopsia,3
tumor,3
inyección,3
conservar,3
preservar,3
procedimiento,3
bárico,3
ficción,3
recubrir,3
recurrir,3
médula,3
chanz,3
pielcita,3
reactivar,3
donación,3
creyente,3
vario,3
ciclo,3
tranquila,3
renitor,3
superpererosa,3
noviecito,3
pusimos,3
vall,3
blanca,3
chequeo,3
convivir,3
ovárico,3
garantizar,3
triple,3
demencial,3
flash,3
mentar,3
pediste,3
tod,3
adivinir,3
lit,3
embarazadísimo,3
pedido,3
mentistar,3
eco,3
lucecita,3
titilar,3
camilla,3
bromeábamos,3
ascensor,3
chocho,3
médica,3
enfermero,3
cardíaco,3
frutilla,3
insoportablemente,3
hierro,3
tetra,3
revisar,3
guerrera,3
dilatación,3
indago,3
desmayar,3
sobreinformación,3
librito,3
respetado,3
bolsa,3
relato,3
ayedad,3
epidral,3
anestesia,3
pir,3
recagar,3
abismo,3
surgen,3
quería,3
vengar,3
cerrartir,3
visitado,3
mimo,3
verme,3
bizarro,3
brownie,3
recibo,3
adaptar,3
rar,3
desfile,3
pisoteada,3
visitir,3
docena,3
panería,3
licuadito,3
iluminar,3
productazo,3
bolzón,3
maple,3
huevado,3
pancito,3
cortadita,3
frisada,3
saltear,3
level,3
var,3
útil,3
aurear,3
escapar,3
vestidito,3
normalizar,3
cortita,3
activo,3
laboralmente,3
socialmente,3
funado,3
había,3
posteado,3
habiar,3
bardear,3
coliche,3
apretado,3
encarado,3
empar,3
invierno,3
tapadito,3
bahía,3
vaía,3
desubicado,3
click,3
tir,3
tenar,3
juicio,3
juiciar,3
ponía,3
outfit,3
denigrante,3
llegabas,3
ovio,3
beníte,3
alérgicar,3
clavar,3
tarlip,3
toalla,3
chorrear,3
reentendar,3
respesetuoso,3
fatal,3
episotomía,3
tajito,3
ponmir,3
cótamir,3
cosemir,3
taponeir,3
ocupado,3
harín,3
parís,3
loquio,3
chorro,3
portátil,3
tortura,3
vinistir,3
enamorado,3
inmaduro,3
chonguear,3
madurar,3
enviar,3
largar,3
són,3
callado,3
muchacho,3
esperabar,3
abracer,3
atraso,3
repositiva,3
rescatar,3
recopado,3
buenísim,3
modos,3
superpetuoso,3
responderem,3
decme,3
crianzo,3
espontáneo,3
sábado,3
odar,3
motivación,3
pasón,3
privilegiar,3
fijo,3
reloj,3
cirito,3
cacar,3
reorganicémono,3
ahogo,3
obviante,3
agobiante,3
realad,3
atrofear,3
metés,3
marrano,3
vueltita,3
rarir,3
duermen,3
ahogar,3
agobiar,3
movilidad,3
podía,3
rendir,3
económicamente,3
sio,3
respondar,3
sirito,3
dejastar,3
criada,3
wonder,3
woman,3
superpererós,3
laborar,3
peleado,3
discutimos,3
jodiar,3
descansar,3
ocaber,3
proedor,3
feminista,3
chipeado,3
definirte,3
abandon,3
míal,3
dej,3
oportunidad,3
carvar,3
represente,3
abierto,3
kilómetro,3
revalorar,3
ejercicio,3
ejemp,3
romántico,3
cierro,3
protección,3
chismecito,3
preguntándotar,3
mandito,3
calor,3
juzgues,3
milanensa,3
cocino,3
cuadr,3
bolón,3
sentiste,3
mama,3
refasar,3
much,3
disociar,3
trámito,3
duermo,3
living,3
seguidito,3
convenatorio,3
esperees,3
avísame,3
tenerte,3
sau,3
acostastar,3
sentite,3
grosa,3
inaugurer,3
sección,3
resiguir,3
nodal,3
profundidad,3
temática,3
pruntir,3
trasfondo,3
pensémoslo,3
femenino,3
amá,3
repita,3
autoridad,3
meistar,3
pegado,3
menti,3
tocaste,3
madraza,3
nutritivo,3
gestión,3
validar,3
nuclear,3
traumática,3
superrelajado,3
relajado,3
toqu,3
pued,3
reiliencia,3
equipazo,3
grabación,3
acuerdo,3
rediviertar,3
redivertido,3
repito,3
renotar,3
identifica,3
soportar,3
límitar,3
amorosamente,3
repartido,3
antemano,3
simultáneo,3
filu,3
anticipación,3
porperio,3
reacomodar,3
tetar,3
habitual,3
acompañaste,3
acompañé,3
ámbito,3
bondad,3
locote,3
acierto,3
goma,3
puro,3
puñiar,3
sepamos,3
ramo,3
perseguido,3
vivirir,3
primeracer,3
vivamos,3
repentinamente,3
recomendas,3
concebir,3
pensaba,3
deseaba,3
soñer,3
angustio,3
lógicamente,3
ped,3
creíst,3
creístir,3
prudencial,3
reservado,3
recolectar,3
similar,3
humilde,3
esfuerzo,3
solidario,3
piráma,3
amamos,3
cotillón,3
tierra,3
autoestima,3
letra,3
superficial,3
redondee,3
sea,3
redundante,3
monedita,3
perdía,3
diván,3
caminata,3
iglesia,3
esencia,3
transitastir,3
podría,3
augus,3
jugastar,3
renuna,3
exigís,3
falencia,3
autoexijar,3
autoexigir,3
pulsada,3
malestar,3
pulgar,3
viejito,3
entendiéndola,3
retomar,3
patrick,3
actualmente,3
mencionastar,3
traumo,3
evolución,3
dser,3
escalar,3
lográs,3
aúz,3
emocionaste,3
grós,3
doctor,3
fernández,3
nuevamente,3
yoismo,3
kpop,3
paralelo,3
resumistir,3
pelotita,3
nutrirlo,3
redoblacer,3
crónico,3
carita,3
sonreir,3
naturaleza,3
desconocés,3
obviir,3
insulín,3
sonrisa,3
superdulce,3
linkear,3
esencial,3
mirací,3
chiquitir,3
pensir,3
traigar,3
dulce,3
prohibido,3
mix,3
burbujita,3
alarmant,3
engañoso,3
hidratado,3
hidratar,3
manejado,3
flipar,3
comí,3
repletar,3
bisabuelo,3
sobrar,3
despensa,3
servilir,3
primo,3
tía,3
fingid,3
brindar,3
chir,3
afanar,3
imposible,3
ladería,3
ahorra,3
consulterio,3
tiasa,3
mandato,3
inalcanzable,3
pueri,3
puicultora,3
guir,3
satanás,3
enemigo,3
diverso,3
linqueado,3
adecuado,3
rebobinacer,3
penser,3
subrogado,3
insistar,3
nací,3
ley,3
vacar,3
enfun,3
encaprichaber,3
reúna,3
fake,3
news,3
abr,3
mecánico,3
copa,3
ladrillo,3
cura,3
hablame,3
genética,3
tropezar,3
piedra,3
ingeniería,3
selección,3
avalar,3
polémica,3
aval,3
científico,3
lucrar,3
multifactorial,3
químico,3
biológica,3
gotita,3
poderosamente,3
ignorante,3
apasionante,3
peligrosísimo,3
nórdico,3
porcentaje,3
descartar,3
vacunar,3
ambiente,3
interrumpí,3
disruptor,3
disconfort,3
filósofo,3
coreano,3
ment,3
engorroso,3
infeccioso,3
xxi,3
infinitamente,3
sonido,3
phi,3
creír,3
compartar,3
pantallito,3
precoz,3
preco,3
filipenir,3
supervisión,3
arreglatir,3
tristísimo,3
resilient,3
prendido,3
phily,3
gol,3
golazo,3
recompensa,3
decimos,3
pediater,3
televisión,3
retroceder,3
nutrición,3
desafiante,3
evaluar,3
pienso,3
perdimo,3
vegetal,3
dividido,3
micronutrient,3
aditivo,3
pasteurizado,3
alimentado,3
pastar,3
estimulación,3
proteico,3
sobrediagnóstico,3
guiar,3
confirmado,3
noticia,3
precozmente,3
haciéndote,3
miami,3
criamos,3
primeriza,3
remo,3
perra,3
existí,3
dolorido,3
guerra,3
neo,3
aconsejar,3
micon,3
fájara,3
arrepentí,3
indefenso,3
rozar,3
sentirte,3
estabilidad,3
desesperación,3
orientar,3
descubrí,3
recomiendir,3
tier,3
doné,3
descubrir,3
estocar,3
esaria,3
quemastar,3
desesperado,3
descartable,3
póngar,3
prolija,3
target,3
likra,3
apretar,3
gloria,3
raspar,3
metiéndote,3
pregúntenmar,3
blackout,3
maravilla,3
maravilloso,3
necesité,3
bolsita,3
guardado,3
freezer,3
fundamentarte,3
volvéser,3
prioracer,3
redeprimida,3
alimentarlo,3
estuvier,3
suficientemente,3
ridiculez,3
ridículo,3
pate,3
señor,3
misterio,3
sacaleche,3
pueblo,3
acorralar,3
sobreistimular,3
flujo,3
estimular,3
excesivamente,3
incidente,3
facilidad,3
practicidad,3
enroscar,3
dámelar,3
facilitar,3
tieta,3
hondar,3
actancia,3
confusión,3
confuso,3
lavarte,3
pijamita,3
botón,3
agotado,3
ponérmos,3
chinito,3
drácular,3
intacto,3
podíachar,3
mario,3
conseguir,3
pulserita,3
gomita,3
mariar,3
puse,3
pausa,3
recansado,3
cenar,3
tomastar,3
tequila,3
comiste,3
banear,3
repasar,3
viajar,3
sillita,3
cortina,3
amojado,3
resolvía,3
sonar,3
colechir,3
perocho,3
aplastar,3
uncito,3
dormida,3
camita,3
dormí,3
swadle,3
envolver,3
momia,3
moro,3
swader,3
tutorial,3
saquito,3
sleeping,3
swadel,3
aber,3
amé,3
cactus,3
despegar,3
sweeping,3
salistar,3
infección,3
urinario,3
reíar,3
nerviosa,3
próximo,3
noan,3
audio,3
rocío,3
ibar,3
enter,3
parada,3
presionar,3
grupal,3
verborrágico,3
podcast,3
círculo,3
hanguear,3
juntada,3
requeer,3
soga,3
pas,3
vezar,3
habl,3
termina,3
verrorico,3
graciosa,3
volvé,3
rookis,3
olvidamos,3
venerar,3
llámame,3
cruzar,3
acompañarno,3
pensár,3
mandir,3
mail,3
comunidad,3
apoyado,3
estarer,3
comentir,3
ciao,3
tipazo,3
seba,3
tén,3
especialista,3
apasionado,3
divulgación,3
fundador,3
presidente,3
ong,3
cibersegura,3
conferencia,3
referente,3
concientización,3
autor,3
guía,3
programar,3
formación,3
compus,3
comp,3
reconvertir,3
indagar,3
rompí,3
sabar,3
hackar,3
excepción,3
origen,3
final,3
código,3
autorizado,3
travesura,3
derivar,3
betamadr,3
profundicer,3
competir,3
nota,3
obligado,3
acceder,3
relevante,3
regir,3
positivamente,3
reducido,3
temporalidad,3
comodidad,3
angustiante,3
mernidad,3
popular,3
facebook,3
twitter,3
divulgador,3
amiguémono,3
transición,3
quiebre,3
menciona,3
llevastir,3
sinceridad,3
hero,3
cuchillo,3
obse,3
flexibilidad,3
particularidad,3
autodecir,3
mérito,3
nazca,3
releer,3
actualización,3
epílogo,3
epilogo,3
significado,3
vitu,3
impostor,3
ventaja,3
lío,3
outsiders,3
outer,3
darme,3
precargada,3
bardo,3
privacidad,3
parenting,3
sobreexposición,3
presión,3
sharentin,3
janenting,3
sobreexponer,3
mirko,3
compatibilizar,3
carrera,3
ogir,3
fuérar,3
moderar,3
perdistir,3
gestual,3
pierdo,3
eliminer,3
far,3
sáquensela,3
acariciar,3
recalcular,3
seguido,3
embobado,3
celu,3
ternura,3
inocencia,3
problemón,3
firma,3
viral,3
boomburi,3
privilegiado,3
pip,3
mellera,3
previa,3
hack,3
sacármelo,3
neurocientífico,3
espa,3
carlota,3
córdobo,3
sur,3
provincia,3
córdoba,3
chóer,3
orador,3
chófer,3
servicio,3
ruta,3
aburrir,3
relinda,3
voladora,3
prima,3
silencio,3
neurocirujano,3
trar,3
fij,3
formulario,3
ilegal,3
gallina,3
subtitulé,3
procesarlo,3
analogía,3
boludón,3
tesis,3
desinhibición,3
aversión,3
bolicho,3
baila,3
estimu,3
sig,3
publicidad,3
unidos,3
charlaste,3
haarar,3
neurodesarrollo,3
políticamente,3
debeer,3
agresivo,3
malintencionado,3
sexo,3
agregar,3
tecnológico,3
desaparezcar,3
enamorar,3
jugábar,3
escondés,3
optimismo,3
unicausal,3
potenciado,3
tecnologío,3
global,3
estadística,3
suicidio,3
problemático,3
mayormente,3
necio,3
especialmente,3
reaparezcar,3
irrelevante,3
ojal,3
escuela,3
necesitemos,3
jornada,3
interior,3
generalidad,3
bilingüe,3
mati,3
punta,3
alfabetización,3
vicente,3
lópez,3
edificio,3
quebrar,3
jonathaber,3
hey,3
sobreprotegeir,3
matete,3
golpeir,3
coherente,3
golpearte,3
publicación,3
compartí,3
rudar,3
peleíta,3
tirano,3
morondanguir,3
animado,3
terreno,3
mambo,3
perdóname,3
trajistar,3
trajiste,3
voleo,3
absolutismo,3
negro,3
gris,3
termo,3
dudo,3
convencido,3
arrepientir,3
dialogar,3
mamis,3
papi,3
vieír,3
exigía,3
equivocado,3
enojser,3
cito,3
proporción,3
cambiamos,3
cambié,3
correcta,3
incorrecta,3
intolerante,3
fomentar,3
casualidad,3
ebi,3
combo,3
bajada,3
informática,3
antivirus,3
eslovao,3
note,3
startup,3
consultoría,3
navegación,3
fin,3
perverso,3
érár,3
atrap,3
trompado,3
habrás,3
judicial,3
peritaj,3
bruming,3
expediente,3
groomer,3
ciento,3
sesgo,3
género,3
atrapado,3
desnudir,3
besar,3
marcado,3
psíquico,3
maximizar,3
contás,3
chats,3
chumear,3
chumar,3
causa,3
dieguito,3
diguito,3
meta,3
mencionar,3
atrapad,3
papas,3
rumi,3
exageradamente,3
pel,3
nacional,3
zoom,3
natal,3
valgo,3
brumy,3
ahorito,3
piesaya,3
precisión,3
gromi,3
mayor,3
ludopateía,3
sordar,3
fenómeno,3
escuchaba,3
armado,3
capturar,3
gamificación,3
app,3
notificación,3
pesos,3
corner,3
fundir,3
capturado,3
trampa,3
revolución,3
pestar,3
confesar,3
intencionado,3
sei,3
tecir,3
problemar,3
robótico,3
tecnar,3
peligro,3
refaci,3
apagar,3
cotidianamente,3
incentivo,3
random,3
scooby,3
refanatizado,3
power,3
desarroll,3
pedagógico,3
playlist,3
fanatizado,3
intermitente,3
fanatizar,3
recopar,3
caímos,3
devuelvar,3
qued,3
firmar,3
bar,3
contándotar,3
dibuj,3
devolver,3
dibujé,3
silueta,3
tridente,3
combinar,3
preprocional,3
azar,3
videítos,3
curado,3
preadolescente,3
hunt,3
morvo,3
león,3
cebrita,3
delirio,3
uso,3
berril,3
rober,3
reel,3
concibar,3
crack,3
insistitir,3
profesionalmente,3
personalmente,3
viviste,3
nocturno,3
bohemia,3
vago,3
corrí,3
ceder,3
previamente,3
ola,3
banqué,3
matería,3
temaeta,3
levantabar,3
remar,3
patita,3
chiquitita,3
testículo,3
disgustado,3
cercanía,3
escena,3
inmensamente,3
demagogia,3
momentito,3
alegría,3
mutar,3
efectivo,3
tríada,3
recuperar,3
enferma,3
cargo,3
bloqueado,3
sacadito,3
enfermar,3
livia,3
inquietar,3
silla,3
rápidamente,3
posterior,3
corregime,3
consenso,3
inicialmente,3
proyectar,3
aluvión,3
puesta,3
enfocar,3
melancolía,3
replanteo,3
admirar,3
oliviar,3
disociado,3
escindir,3
unís,3
creés,3
estético,3
desencadenar,3
vincularno,3
pascua,3
únicamente,3
tsunami,3
ando,3
despidiéndotar,3
sacado,3
apartado,3
impaz,3
dicotomía,3
injusto,3
bala,3
cometer,3
individualmente,3
entendible,3
tomás,3
rebor,3
enorgullecer,3
privado,3
expuesto,3
anónimo,3
protagonista,3
núcleo,3
hagámoslo,3
fotón,3
pao,3
intermedio,3
venís,3
obsesivo,3
preguntaste,3
resignación,3
revés,3
sentimentalmente,3
pedagógicar,3
avanzado,3
pedagógicamente,3
hachazo,3
padecía,3
evidentemente,3
vinculado,3
entendía,3
despistado,3
maduro,3
responsable,3
gráfico,3
encomienda,3
tuvierar,3
freud,3
inacción,3
afectivo,3
despintar,3
culpós,3
chino,3
gestito,3
funcionalidad,3
ubicar,3
urquilla,3
atípico,3
vendaval,3
sobrepensar,3
adelantado,3
momentáneo,3
nover,3
total,3
busqué,3
quilombero,3
recurso,3
estarás,3
calentón,3
sobreslevir,3
dábir,3
decilar,3
payasesca,3
meno,3
cuestionamiento,3
voraz,3
trasar,3
pequeñez,3
convivo,3
arraigado,3
intenta,3
defeir,3
refugio,3
proteger,3
toogar,3
adueñar,3
sociabilizar,3
manía,3
conciente,3
muñeco,3
juga,3
mandoneo,3
doctora,3
plastilina,3
patalina,3
amácame,3
amarillo,3
amacamar,3
tíramar,3
autito,3
helicóptero,3
bolo,3
ciste,3
pañalcito,3
copia,3
tien,3
pon,3
sapolor,3
toxito,3
canción,3
observar,3
observador,3
cobarde,3
tirarno,3
toga,3
precavir,3
balde,3
obtinado,3
nacimiento,3
quirombero,3
caprichoso,3
pelota,3
bruta,3
motricidad,3
fino,3
verbalizar,3
intuyo,3
manipulación,3
paola,3
chuflín,3
espalda,3
chiquitaje,3
cercano,3
timidez,3
desenvolver,3
pérdida,3
argumento,3
motivo,3
odio,3
disgusto,3
chear,3
espantoso,3
suspiro,3
reconciliado,3
imponer,3
sosteno,3
restaurante,3
churrasco,3
fuerza,3
diga,3
zanahorio,3
sanar,3
rotura,3
traslar,3
hipócrita,3
discurso,3
trasladir,3
heredar,3
replicar,3
puteado,3
rós,3
atmósfera,3
discutar,3
enseñas,3
pabla,3
raciocinio,3
pudimos,3
manualcito,3
manejastar,3
involucrar,3
paular,3
bomba,3
serenidad,3
fuertísimo,3
irrefutable,3
fijar,3
rara,3
borde,3
garra,3
exceder,3
racional,3
comparado,3
maternal,3
consorcio,3
genuino,3
afuer,3
reflejado,3
velocidad,3
ajena,3
manotear,3
paul,3
incoherencia,3
específico,3
significativo,3
honestar,3
defecto,3
actitud,3
realizar,3
sentiría,3
meacer,3
pesado,3
avasallante,3
superado,3
empoderar,3
terapista,3
terapeuta,3
definir,3
bajado,3
decirte,3
quieto,3
atar,3
cordón,3
inodoro,3
juzgada,3
pum,3
qua,3
intentastir,3
sacárselo,3
naturalizar,3
animás,3
sticker,3
ninodoro,3
trabajamos,3
habilitar,3
post,3
integridad,3
elección,3
gratis,3
odiado,3
separación,3
philip,3
asegurar,3
autorregular,3
visual,3
pérez,3
quisir,3
saludar,3
optar,3
señal,3
consultarte,3
acompaño,3
esperado,3
acudir,3
porosamente,3
abrumar,3
psiqui,3
haciéndono,3
parámetro,3
enloquecer,3
fideíto,3
pecar,3
encara,3
tientar,3
estudiaste,3
neofobio,3
indispensable,3
heladera,3
cociner,3
elaborado,3
delivery,3
receta,3
neofobia,3
iso,3
tranqui,3
sentamos,3
obligarlo,3
corporal,3
encaramos,3
abordaje,3
forzar,3
lema,3
ingesta,3
alarma,3
blancir,3
masticar,3
crujiente,3
meriendir,3
preocupado,3
busquer,3
logre,3
aprendimos,3
querrir,3
flexibilizar,3
alfajor,3
interferido,3
picnic,3
borrar,3
ordenado,3
jodar,3
rallado,3
mayonesa,3
buenísima,3
tira,3
mordida,3
ananá,3
dean,3
nanana,3
rebueno,3
caro,3
carraspeo,3
inventar,3
durazno,3
caliente,3
supongamos,3
succionar,3
oral,3
premasticación,3
determinar,3
frescir,3
comierar,3
sensible,3
reclinar,3
invasivo,3
procesamiento,3
fuego,3
internamentar,3
área,3
contact,3
neuróloga,3
ameritar,3
neurólogo,3
interdisciplinariamente,3
comentaste,3
terminser,3
criterio,3
lineal,3
pauta,3
adorar,3
chiquitina,3
aupar,3
sobrepasar,3
desante,3
ahíella,3
disparador,3
retriste,3
certificado,3
acompañaneamos,3
etiqueta,3
afuera,3
quinesiología,3
ocupación,3
primordial,3
terapéutico,3
acompañarla,3
ahy,3
festejamos,3
rijar,3
caigo,3
rejodir,3
escucher,3
cuidadora,3
escucharlo,3
buscado,3
depositar,3
tresm,3
juzgador,3
estudiastir,3
animir,3
mapa,3
cuadro,3
preferible,3
pretender,3
magia,3
holo,3
apellido,3
apedido,3
caral,3
rulo,3
croma,3
mapo,3
despertamos,3
dividir,3
esp,3
despertastir,3
buah,3
niñero,3
masoquista,3
carne,3
milanesar,3
milanesa,3
desayuna,3
nochón,3
toc,3
pan,3
mandá,3
shame,3
arruinar,3
cuerpecito,3
desayunábamos,3
remolacha,3
chocolatada,3
aguinaldo,3
conocés,3
científicamente,3
mila,3
nutrido,3
pid,3
ocote,3
horror,3
fipar,3
reustar,3
resaludable,3
compensa,3
repiola,3
elen,3
guacha,3
criemo,3
charl,3
pelpa,3
abracé,3
catarata,3
iguazú,3
hacelo,3
lleguer,3
postar,3
llama,3
alterar,3
casastir,3
adol,3
grandescencia,3
quedir,3
rarísimar,3
útero,3
aguja,3
cuc,3
intensidad,3
ano,3
iluminación,3
raya,3
testo,3
ovulación,3
ovular,3
fértil,3
rayita,3
tenuo,3
crema,3
hongo,3
necesitás,3
hiperventar,3
costaempo,3
llamer,3
ginecóloga,3
mood,3
what,3
pasaste,3
algoritmo,3
crucial,3
pensaría,3
decostado,3
sobrevivir,3
pide,3
costa,3
flero,3
cachorro,3
marco,3
barbaridad,3
puf,3
espejo,3
aumenta,3
botella,3
nube,3
depilar,3
cosmeto,3
reansioso,3
subitir,3
destino,3
confirmar,3
valo,3
llega,3
paternal,3
problemita,3
estómago,3
trocito,3
partera,3
cultora,3
ahogado,3
intuición,3
nacés,3
sabéis,3
reacciona,3
pipi,3
caístir,3
asustastar,3
inoscur,3
cagonar,3
braza,3
opinir,3
gand,3
irmir,3
cco,3
egresado,3
aclararte,3
reina,3
ayornar,3
órgano,3
iba,3
saltar,3
celoso,3
acostado,3
príncipe,3
princesa,3
agu,3
desapareciste,3
tomá,3
felipar,3
escuch,3
adopción,3
time,3
cor,3
número,3
dilema,3
pillar,3
sed,3
capricho,3
rebienir,3
fiesto,3
dec,3
puerterio,3
embarques,3
aventura,3
toquar,3
pantalón,3
unoempie,3
novedad,3
revoleir,3
estábamos,3
agarré,3
walking,3
dead,3
pes,3
champú,3
coche,3
asco,3
nariz,3
pobrec,3
terri,3
educado,3
milar,3
apropiado,3
analizalo,3
boludarme,3
resumen,3
interés,3
conect,3
separar,3
sílaba,3
dri,3
ventana,3
puerta,3
candado,3
patio,3
barrot,3
mami,3
aranca,3
arranco,3
penélope,3
escúcatir,3
acuerdas,3
dalir,3
necesitár,3
parab,3
decime,3
deprimir,3
pelees,3
joder,3
irónico,3
sarcástico,3
redue,3
jodeir,3
ilusionar,3
alzar,3
periodo,3
desgarrador,3
desmitificar,3
cualquiera,3
ausentar,3
escuches,3
replantear,3
favoritismo,3
homero,3
tristeza,3
internono,3
internar,3
atrompada,3
muffin,3
beige,3
luchaber,3
tirer,3
barro,3
embarratar,3
embarrate,3
phix,3
maquille,3
antimamá,3
retirad,3
cierre,3
calmar,3
kiosquito,2
crismo,2
pelacer,2
mandé,2
prestir,2
edité,2
arrancamo,2
panzar,2
pastillo,2
decían,2
tratamientar,2
pelucar,2
auténticar,2
espera,2
convenció,2
truncar,2
carmelar,2
salido,2
pindo,2
laquimiar,2
positiir,2
superválido,2
clínico,2
respete,2
dejado,2
dormíir,2
venite,2
manda,2
frisar,2
volvistir,2
salimo,2
critico,2
tién,2
corporalmentar,2
urbano,2
divinir,2
imagínatir,2
contenidir,2
mudado,2
divierto,2
espero,2
hacía,2
conjuntar,2
entera,2
deje,2
cansada,2
listir,2
fuiste,2
penitenciar,2
cohíben,2
criado,2
tranca,2
reequipo,2
semejanzar,2
juzgadir,2
sepo,2
pobrecitar,2
repetirtir,2
angustiada,2
parez,2
ustetro,2
preguntarte,2
tratamo,2
amerita,2
llevó,2
innecesaria,2
dartir,2
parejo,2
preocupo,2
pavado,2
exista,2
apostá,2
serotonina,2
pod,2
sustanciar,2
torta,2
relajatar,2
demenciar,2
perfectar,2
saliste,2
añir,2
materna,2
molesto,2
epigenético,2
participé,2
evidencia,2
agarre,2
lar,2
mire,2
acaba,2
decodifico,2
abandonás,2
socián,2
hacerte,2
verduro,2
transitorio,2
movía,2
cesárear,2
partar,2
fantaser,2
descartab,2
usastar,2
viceversa,2
cremo,2
enteir,2
pueda,2
mojado,2
cunir,2
latinoamérico,2
manga,2
apartir,2
marir,2
empecar,2
empezamos,2
rebásicir,2
creamo,2
hiir,2
décado,2
primera,2
positiva,2
hackers,2
sentidir,2
amigarno,2
pidiéndar,2
equivoque,2
estemos,2
creamos,2
sentimientir,2
absorbe,2
nenes,2
tuviste,2
tentar,2
mochilar,2
cafecitar,2
sentábamo,2
charlir,2
pacientir,2
publiqué,2
hechir,2
izquierdo,2
derechaber,2
causado,2
ten,2
innovar,2
onlinar,2
mundar,2
violentar,2
exagerar,2
tiraste,2
intoleranciar,2
sumaba,2
potencio,2
llamabai,2
llamser,2
contacta,2
agresores,2
videos,2
masturben,2
abusada,2
habras,2
pase,2
estudiant,2
empatar,2
cochado,2
enseñamo,2
línear,2
abro,2
ranger,2
pablir,2
dijimo,2
zeus,2
jugarlo,2
higir,2
criatuito,2
protagonismir,2
dormirme,2
dormiar,2
duer,2
vincularme,2
esposar,2
guardiar,2
felicitado,2
asociar,2
valoro,2
esperanzo,2
bruscamentar,2
queré,2
preferido,2
juzgo,2
insistía,2
hice,2
multiplique,2
departamentir,2
consegir,2
ponele,2
tranquiliza,2
enoja,2
tonir,2
disculpo,2
niñir,2
trago,2
negativa,2
maco,2
negativas,2
valientir,2
resignificaste,2
remito,2
inteligenciar,2
soltaste,2
prar,2
comidar,2
caga,2
herido,2
correrme,2
pudistir,2
involucrartir,2
queda,2
maneja,2
computadoro,2
principiar,2
morirme,2
quilombos,2
pediatrío,2
aparecemos,2
sacas,2
quisimo,2
alimentaria,2
mesar,2
verduleer,2
habilidadser,2
habilidades,2
interna,2
adaptativa,2
macar,2
bocín,2
diagnósticir,2
ramar,2
der,2
digo,2
despojo,2
herramientar,2
quiera,2
bájate,2
desayunábamo,2
retranquilir,2
comíir,2
escuchamir,2
imagín,2
cochecitir,2
cuid,2
investiguar,2
tiritar,2
pelis,2
prepir,2
quedas,2
cos,2
caes,2
quedé,2
aprenderemos,2
está,2
exactir,2
colechaber,2
olvidaste,2
necesito,2
deseado,2
aceitar,2
conecta,2
hablado,2
chistir,2
odia,2
mentirar,2
interner,2
embar,2
nenar,2
cho,1
kiosquitos,1
crismar,1
pelazo,1
presta,1
pusiste,1
empezas,1
editar,1
vendar,1
pastilla,1
truncado,1
ayudo,1
carmela,1
pindar,1
laquimio,1
superválir,1
clínica,1
volviste,1
urbana,1
temitir,1
tadeir,1
tailandio,1
cohíbir,1
trancar,1
crecistar,1
reequipar,1
resolvemo,1
semejanzas,1
pobrecitir,1
consumimo,1
pensaste,1
sentamo,1
pensas,1
ameritir,1
consider,1
rodeado,1
pavada,1
alimenter,1
corremo,1
serotonín,1
sustancia,1
tomado,1
galletito,1
comen,1
tortar,1
relajate,1
demencia,1
epigenética,1
participar,1
evidenciar,1
quieres,1
fíjatar,1
abandoná,1
transitoria,1
usaste,1
viceversar,1
cremir,1
teto,1
hablábamos,1
mojada,1
hicistir,1
latinoamérica,1
mangas,1
volvimos,1
videollamado,1
rebásico,1
likeen,1
bye,1
rompía,1
hio,1
pantal,1
pidiéndomir,1
durísimos,1
pasajero,1
tentado,1
saquar,1
demorado,1
sentábar,1
profundizado,1
tar,1
innovándomir,1
tirastar,1
cuentar,1
intolerancia,1
sumabas,1
terminamos,1
llamabais,1
llam,1
masturbar,1
contado,1
empata,1
reírno,1
rangers,1
jugarlos,1
usemos,1
criatuita,1
dormirmir,1
dormía,1
culpo,1
felicitar,1
naciero,1
bruscamente,1
operado,1
juzguir,1
experiencio,1
multiplicar,1
acomodir,1
quilombar,1
valiente,1
resignificastir,1
soltastar,1
prepararme,1
prado,1
herida,1
pudiste,1
involucrarte,1
ehir,1
guardir,1
acompañer,1
verdulería,1
adaptativo,1
bocina,1
aprendemos,1
despojar,1
respiramos,1
respiramo,1
respirir,1
bájatar,1
desayunábar,1
retranquilo,1
escuchame,1
tremendos,1
escondido,1
meir,1
colecha,1
olvidastar,1
elegi,1
diciéndolo,1
dejo,1
tuvir,1
internemo,1
testigo,1
